index,weight,type,clientId
0,23.83013982534923,1,0
1,7.446066450820994,1,0
2,3.1655903785579182,1,0
3,3.9768003802826026,1,0
4,16.631901106995745,1,0
5,12.60162428505485,1,1
6,9.010623444351676,1,1
7,13.542202323220568,1,2
8,7.802360093674108,1,3
9,17.117171960319972,1,4
