index,weight,type,clientId
0,23.297440876864886,1,0
1,2.053515948275466,1,0
2,5.4366193033461165,1,1
3,21.876276084190007,1,1
4,17.316220075552067,1,1
5,24.47754583609166,1,2
6,16.604631064998788,1,2
7,23.342329840287952,1,2
8,13.673127604657855,1,2
9,18.32934264803209,1,2
