index,type,capacity,carrierId,min_capacity,costPerKmPerWeight,additionalDeliveryCost,maxDistanceBetweenCustomers
0,1,25.0,0,23.75,1.1,20.0,25.0
1,2,25.0,4,22.5,1.2100000000000002,20.0,50.0
2,1,25.0,3,22.5,1.1,20.0,25.0
3,1,25.0,4,22.5,1.1,20.0,50.0
4,1,25.0,2,22.5,1.1,20.0,50.0
5,1,25.0,3,22.5,1.1,20.0,25.0
6,2,25.0,0,23.75,1.2100000000000002,20.0,25.0
7,1,25.0,2,22.5,1.1,20.0,50.0
8,2,25.0,0,23.75,1.2100000000000002,20.0,25.0
