vehicleType,fare,carrierId
1,0.09133920171659404,1
2,0.19396265536762314,1
1,0.096979650449647,2
2,0.022272462025378383,2
1,0.021519327003609846,3
2,0.12356137600231115,3
1,0.0979952885890077,4
2,0.10858263949694312,4
1,0.06881898080477127,5
2,0.13236688577506986,5
