index,weight,type,clientId
0,7.121656617746121,1,0
1,19.263098677901816,1,0
2,19.929360427252316,1,1
3,12.708559756579541,1,1
4,11.386409629721282,1,1
