index,type,capacity,carrierId,min_capacity,costPerKmPerWeight,additionalDeliveryCost,maxDistanceBetweenCustomers
0,1,25.0,0,23.75,1.1,20.0,0.5
1,2,25.0,0,23.75,1.2100000000000002,20.0,0.5
2,2,25.0,3,22.5,1.2100000000000002,20.0,0.25
3,2,25.0,3,22.5,1.2100000000000002,20.0,0.25
4,1,25.0,2,23.75,1.1,20.0,0.5
