index,weight,type,clientId
0,14.031329290160993,1,0
1,17.01221124515923,1,0
2,18.89361031523319,1,1
3,3.6137771676456154,1,1
4,6.445359921956128,1,1
5,5.3784203982275525,1,2
6,9.980605336301622,1,2
7,4.027903793919236,1,2
8,1.4667150562278257,1,2
9,12.988320224109835,1,2
