index,weight,type,clientId
0,3.901707147690776,1,0
1,21.44105205529321,1,1
2,8.878298569865688,1,1
3,14.736998057574233,1,1
4,4.591413308656979,1,1
5,19.165611102924366,1,1
6,1.0823348029050068,1,2
7,10.227334737970693,1,2
8,11.775658033110542,1,2
9,19.466237434082807,1,2
