index,weight,type,clientId
0,1.9716250763386611,1,0
1,10.718419298809943,1,0
2,24.227199878084114,1,0
3,15.00116894692075,1,0
4,7.764108265592892,1,1
5,15.840855920207959,1,1
6,8.443541663663982,1,2
7,22.572118911231843,1,2
8,12.33142517086512,1,2
9,11.42012405089081,1,3
