index,weight,type,clientId
0,16.71170849514773,1,0
1,20.864737585376385,1,1
2,21.095504795042064,1,1
3,11.937784520050087,1,2
4,23.25617957428006,1,2
5,7.626340999971748,1,3
6,8.378597921813295,1,3
7,13.477301710431004,1,3
8,13.438661698787579,1,3
9,5.836510869785403,1,3
